track_number,track_title,artists,instrumental,lyrics,hotness,Act
1,Playground,Bea Miller,False,Who told you what was down here?,False,1
1,Playground,Bea Miller,False,Come along if you wanted a peek,False,1
1,Playground,Bea Miller,False,I've seen your face around here,False,1
1,Playground,Bea Miller,False,"Come alone, tell me under the table",False,1
1,Playground,Bea Miller,False,What do you seek?,False,1
1,Playground,Bea Miller,False,,False,1
1,Playground,Bea Miller,False,"Welcome to the playground, follow me",False,1
1,Playground,Bea Miller,False,Tell me your nightmares and fantasies,False,1
1,Playground,Bea Miller,False,Sink into the wasteland underneath,False,1
1,Playground,Bea Miller,False,"Stay for the night, I'll sell you a dream",False,1
1,Playground,Bea Miller,False,,False,1
1,Playground,Bea Miller,False,"Oh-oh, woah",False,1
1,Playground,Bea Miller,False,Welcome to the playground,False,1
1,Playground,Bea Miller,False,,False,1
1,Playground,Bea Miller,False,"What brings you to the lost and found, dear?",False,1
1,Playground,Bea Miller,False,Won't you pull up a seat?,False,1
1,Playground,Bea Miller,False,Everybody got a price 'round here to play,False,1
1,Playground,Bea Miller,False,"Make me an offer, what will it be?",False,1
1,Playground,Bea Miller,False,"Oh, what will it be?",False,1
1,Playground,Bea Miller,False,,False,1
1,Playground,Bea Miller,False,"Welcome to the playground, follow me",False,1
1,Playground,Bea Miller,False,Tell me your nightmares and fantasies,False,1
1,Playground,Bea Miller,False,Sink into the wasteland underneath,False,1
1,Playground,Bea Miller,False,"Stay for the night, I'll sell you a dream",False,1
1,Playground,Bea Miller,False,"Oh-oh, woah",False,1
1,Playground,Bea Miller,False,Welcome to the playground,False,1
1,Playground,Bea Miller,False,"Oh-oh, woah",False,1
1,Playground,Bea Miller,False,Welcome to the playground,False,1
1,Playground,Bea Miller,False,,False,1
1,Playground,Bea Miller,False,"Oh, *vocalizing*",False,1
1,Playground,Bea Miller,False,"Ah, mm",False,1
1,Playground,Bea Miller,False,Welcome to the playground,False,1
1,Playground,Bea Miller,False,Ooh-woah,False,1
1,Playground,Bea Miller,False,Welcome to the playground,False,1
1,Playground,Bea Miller,False,,False,1
1,Playground,Bea Miller,False,"Welcome to the playground, follow me",False,1
1,Playground,Bea Miller,False,Tell me your nightmares and fantasies (Tell me your nightmares),False,1
1,Playground,Bea Miller,False,Sink into the wasteland underneath,False,1
1,Playground,Bea Miller,False,"Stay for the night, I'll sell you a dream3EmbedShare URLCopyEmbedCopy",False,1
2,Our Love,Curtis Harding,False,There's a girl in town and word's gone around she's just fine,False,1
2,Our Love,Curtis Harding,False,So I don't worry my head 'cause I know her heart is tied to mine,False,1
2,Our Love,Curtis Harding,False,The life that we live and the love that I give to her,False,1
2,Our Love,Curtis Harding,False,"Each day it grows more and more I'm sure, it shows",False,1
2,Our Love,Curtis Harding,False,Well,False,1
2,Our Love,Curtis Harding,False,,False,1
2,Our Love,Curtis Harding,False,"Our love, is a bubblin' fountain",False,1
2,Our Love,Curtis Harding,False,"Our love, that flows into a sea",False,1
2,Our Love,Curtis Harding,False,"Our love, deeper than any ocean",False,1
2,Our Love,Curtis Harding,False,"Our love, for eternity",False,1
2,Our Love,Curtis Harding,False,,False,1
2,Our Love,Curtis Harding,False,"Ooh, like someday I'll pray our love will always stay pure",False,1
2,Our Love,Curtis Harding,False,"Ooh, when the world turns around, he holds me down for sure",False,1
2,Our Love,Curtis Harding,False,,False,1
2,Our Love,Curtis Harding,False,"Our love, is a bubblin' fountain (Ooh-ah)",False,1
2,Our Love,Curtis Harding,False,"Our lovе, that flows into any sea (Ooh)",False,1
2,Our Love,Curtis Harding,False,"Our love, deeper than any ocеan",False,1
2,Our Love,Curtis Harding,False,"Our love, for eternity",False,1
2,Our Love,Curtis Harding,False,,False,1
2,Our Love,Curtis Harding,False,And after all (After all),False,1
2,Our Love,Curtis Harding,False,The rain will fall (Rain will fall),False,1
2,Our Love,Curtis Harding,False,On us two,False,1
2,Our Love,Curtis Harding,False,But I'll keep movin' on (Movin' on),False,1
2,Our Love,Curtis Harding,False,But I been strong with you,False,1
2,Our Love,Curtis Harding,False,Ooh,False,1
2,Our Love,Curtis Harding,False,"Our love, is a bubblin' fountain (A bubblin' fountain, yeah)",False,1
2,Our Love,Curtis Harding,False,"Our love, that flows into the sea (Flows into the sea)",False,1
2,Our Love,Curtis Harding,False,"Our love, deeper than any ocean (Ooh-ooh, ooh-ooh)",False,1
2,Our Love,Curtis Harding,False,"Our love, for eternity",False,1
2,Our Love,Curtis Harding,False,Well,False,1
2,Our Love,Curtis Harding,False,,False,1
2,Our Love,Curtis Harding,False,Our love,False,1
2,Our Love,Curtis Harding,False,Our love,False,1
2,Our Love,Curtis Harding,False,Our love,False,1
2,Our Love,Curtis Harding,False,Our loveEmbedShare URLCopyEmbedCopy,False,1
3,Goodbye,Ramsey,False,I can hear the sound of a heartbeat before it goes out,False,1
3,Goodbye,Ramsey,False,Won't ever leave my memory of bloodshed all around,False,1
3,Goodbye,Ramsey,False,And I can see a tear on my father's face before it falls out,False,1
3,Goodbye,Ramsey,False,"Oh, my enemy, how could I have ever let you down? Oh",False,1
3,Goodbye,Ramsey,False,When all these trees saw us grow,False,1
3,Goodbye,Ramsey,False,Cut our teeth and make our bones right here,False,1
3,Goodbye,Ramsey,False,We'd play with shields made of stone,False,1
3,Goodbye,Ramsey,False,Share our dreams and sit our thrones,False,1
3,Goodbye,Ramsey,False,"Be still, 'cause I see smoke up ahead and I got steel in my hands",False,1
3,Goodbye,Ramsey,False,"We will return like warriors, I swear, that we'll find glory up ahead",False,1
3,Goodbye,Ramsey,False,Tell me:,False,1
3,Goodbye,Ramsey,False,,False,1
3,Goodbye,Ramsey,False,Where is my home?,False,1
3,Goodbye,Ramsey,False,"I don't recognize the faces anymore, no",False,1
3,Goodbye,Ramsey,False,Where is my friend?,False,1
3,Goodbye,Ramsey,False,The one I've known since I was only just a kid,False,1
3,Goodbye,Ramsey,False,,False,1
3,Goodbye,Ramsey,False,I think it's time to say goodbye,False,1
3,Goodbye,Ramsey,False,"Goodbye, goodbye",False,1
3,Goodbye,Ramsey,False,"Goodbye, goodbye, woah",False,1
3,Goodbye,Ramsey,False,It's time to say goodbye,False,1
3,Goodbye,Ramsey,False,"Goodbye, goodbye",False,1
3,Goodbye,Ramsey,False,"Goodbye, goodbye, woah",False,1
3,Goodbye,Ramsey,False,It's time to say goodbye,False,1
3,Goodbye,Ramsey,False,"Goodbye, goodbye",False,1
3,Goodbye,Ramsey,False,"Goodbye, goodbye, woah",False,1
3,Goodbye,Ramsey,False,It's time to say goodbye,False,1
3,Goodbye,Ramsey,False,"Goodbye, goodbye",False,1
3,Goodbye,Ramsey,False,"Goodbye, goodbye, woah",False,1
3,Goodbye,Ramsey,False,Is it time to say goodbye?,False,1
3,Goodbye,Ramsey,False,"Goodbye, goodbye",False,1
3,Goodbye,Ramsey,False,"Goodbye, goodbye, woah",False,1
3,Goodbye,Ramsey,False,It's time to say goodbye,False,1
3,Goodbye,Ramsey,False,"Goodbye, goodbye",False,1
3,Goodbye,Ramsey,False,"Goodbye, goodbye, woah",False,1
3,Goodbye,Ramsey,False,It's time to say goodbye,False,1
3,Goodbye,Ramsey,False,"Goodbye, goodbye",False,1
3,Goodbye,Ramsey,False,"Goodbye, goodbye, woah",False,1
3,Goodbye,Ramsey,False,It's time to say goodbye,False,1
3,Goodbye,Ramsey,False,"Goodbye, goodbye",False,1
3,Goodbye,Ramsey,False,"Goodbye, goodbye, woah",False,1
3,Goodbye,Ramsey,False,"Mm, mm, mm6EmbedShare URLCopyEmbedCopy",False,1
4,Dirty Little Animals,BONES UK,False,Taste what fell from grace,False,3
4,Dirty Little Animals,BONES UK,False,Wanna taste what fell from grace,False,3
4,Dirty Little Animals,BONES UK,False,Run away from the faith,False,3
4,Dirty Little Animals,BONES UK,False,Let's race if you wanna taste,False,3
4,Dirty Little Animals,BONES UK,False,You wanna mess around?,False,3
4,Dirty Little Animals,BONES UK,False,"They gonna take you down, down, down",False,3
4,Dirty Little Animals,BONES UK,False,Wanna slide and turn,False,3
4,Dirty Little Animals,BONES UK,False,"Such a lovely way to burn, burn, burn",False,3
4,Dirty Little Animals,BONES UK,False,,False,3
4,Dirty Little Animals,BONES UK,False,I never felt like this before,False,3
4,Dirty Little Animals,BONES UK,False,I think I might just want some more,False,3
4,Dirty Little Animals,BONES UK,False,I never felt like this before,False,3
4,Dirty Little Animals,BONES UK,False,I think I might just—,False,3
4,Dirty Little Animals,BONES UK,False,,False,3
4,Dirty Little Animals,BONES UK,False,"Slide, shake your bones out if you wanna ride",False,3
4,Dirty Little Animals,BONES UK,False,"Throw your head back, make you feel alive",False,3
4,Dirty Little Animals,BONES UK,False,The kind of bad that make you feel good,False,3
4,Dirty Little Animals,BONES UK,False,"God, the kinda wrong that make you feel right",False,3
4,Dirty Little Animals,BONES UK,False,The little death that make you feel alive,False,3
4,Dirty Little Animals,BONES UK,False,The kinda shouldn't that mean that you should,False,3
4,Dirty Little Animals,BONES UK,False,,False,3
4,Dirty Little Animals,BONES UK,False,Dirty little animals,False,3
4,Dirty Little Animals,BONES UK,False,It makes your blood run hot,False,3
4,Dirty Little Animals,BONES UK,False,It makes your spit taste sweet,False,3
4,Dirty Little Animals,BONES UK,False,It makes you feel more alive,False,3
4,Dirty Little Animals,BONES UK,False,Than you have ever been,False,3
4,Dirty Little Animals,BONES UK,False,Throw it into your mouth,False,3
4,Dirty Little Animals,BONES UK,False,Gets stuck between your teeth,False,3
4,Dirty Little Animals,BONES UK,False,Why would you die up there,False,3
4,Dirty Little Animals,BONES UK,False,When you can live underneath,False,3
4,Dirty Little Animals,BONES UK,False,Dirty little animals,False,3
4,Dirty Little Animals,BONES UK,False,Beautiful cannibals,False,3
4,Dirty Little Animals,BONES UK,False,"Slide, shake your bones out if you wanna ride",False,3
4,Dirty Little Animals,BONES UK,False,Throw your head back make you feel alive,False,3
4,Dirty Little Animals,BONES UK,False,The kind of bad that make you feel good,False,3
4,Dirty Little Animals,BONES UK,False,"God, the kinda wrong that make you feel right",False,3
4,Dirty Little Animals,BONES UK,False,The little death that make you feel alive,False,3
4,Dirty Little Animals,BONES UK,False,The kinda shouldn't that mean that you should,False,3
4,Dirty Little Animals,BONES UK,False,,False,3
4,Dirty Little Animals,BONES UK,False,(Dirty little animals),False,3
4,Dirty Little Animals,BONES UK,False,The kind of bad that make you feel good,False,3
4,Dirty Little Animals,BONES UK,False,(Dirty little animals),False,3
4,Dirty Little Animals,BONES UK,False,The kinda shouldn't that mean that you should,False,3
4,Dirty Little Animals,BONES UK,False,,False,3
4,Dirty Little Animals,BONES UK,False,"Novocain, never same, giving local luck",False,3
4,Dirty Little Animals,BONES UK,False,But when you go under you will never go back up,False,3
4,Dirty Little Animals,BONES UK,False,"Novocain, never same, never goin' up",False,3
4,Dirty Little Animals,BONES UK,False,"'Cause when you go under you will never go back up, up",False,3
4,Dirty Little Animals,BONES UK,False,"Novocain, never same, never goin' up",False,3
4,Dirty Little Animals,BONES UK,False,'Cause when you go under you will never go back up,False,3
4,Dirty Little Animals,BONES UK,False,,False,3
4,Dirty Little Animals,BONES UK,False,"Hey, what you say",False,3
4,Dirty Little Animals,BONES UK,False,Wanna find a place to play?,False,3
4,Dirty Little Animals,BONES UK,False,"Hey, hey, what you say",False,3
4,Dirty Little Animals,BONES UK,False,Wanna find a place to play?,False,3
4,Dirty Little Animals,BONES UK,False,"Slide, shake your bones out if you wanna ride",False,3
4,Dirty Little Animals,BONES UK,False,Throw your head back make you feel alive,False,3
4,Dirty Little Animals,BONES UK,False,The kind of bad that make you feel good,False,3
4,Dirty Little Animals,BONES UK,False,"God, the kinda wrong that make you feel right",False,3
4,Dirty Little Animals,BONES UK,False,The little death that makes you feel alive,False,3
4,Dirty Little Animals,BONES UK,False,The kinda shouldn't that mean that you should,False,3
4,Dirty Little Animals,BONES UK,False,,False,3
4,Dirty Little Animals,BONES UK,False,"Slide, shake your bones out if you wanna ride",False,3
4,Dirty Little Animals,BONES UK,False,Throw your head back make you feel alive,False,3
4,Dirty Little Animals,BONES UK,False,The kind of bad that make you feel good,False,3
4,Dirty Little Animals,BONES UK,False,"God, the kinda wrong that make you feel right",False,3
4,Dirty Little Animals,BONES UK,False,The little death that makes you feel alive,False,3
4,Dirty Little Animals,BONES UK,False,The kinda shouldn't that mean that you shouldEmbedShare URLCopyEmbedCopy,False,3
5,Enemy,Imagine Dragons & JID,False,Look out for yourself,False,2
5,Enemy,Imagine Dragons & JID,False,,False,2
5,Enemy,Imagine Dragons & JID,False,I wake up to the sounds of the silence that allows,False,2
5,Enemy,Imagine Dragons & JID,False,"For my mind to run around, with my ear up to the ground",False,2
5,Enemy,Imagine Dragons & JID,False,I'm searching to behold the stories that are told,False,2
5,Enemy,Imagine Dragons & JID,False,When my back is to the world that was smiling when I turned,False,2
5,Enemy,Imagine Dragons & JID,False,,False,2
5,Enemy,Imagine Dragons & JID,False,Tell you you're the greatest,False,2
5,Enemy,Imagine Dragons & JID,False,"But once you turn, they hate us",False,2
5,Enemy,Imagine Dragons & JID,False,,False,2
5,Enemy,Imagine Dragons & JID,False,"Oh, the misery",False,2
5,Enemy,Imagine Dragons & JID,False,Everybody wants to be my enemy,False,2
5,Enemy,Imagine Dragons & JID,False,Spare the sympathy,False,2
5,Enemy,Imagine Dragons & JID,False,Everybody wants to be my enemy-y-y-y-y,False,2
5,Enemy,Imagine Dragons & JID,False,(Look out for yourself),False,2
5,Enemy,Imagine Dragons & JID,False,"My enemy-y-y-y-y (Look, look, look, look)",False,2
5,Enemy,Imagine Dragons & JID,False,(Look out for yourself),False,2
5,Enemy,Imagine Dragons & JID,False,But I'm ready,False,2
5,Enemy,Imagine Dragons & JID,False,,False,2
5,Enemy,Imagine Dragons & JID,False,Your words up on thе wall as you're prayin' for my fall,False,2
5,Enemy,Imagine Dragons & JID,False,And the laughter in thе halls and the names that I've been called,False,2
5,Enemy,Imagine Dragons & JID,False,"I stack it in my mind, and I'm waiting for the time",False,2
5,Enemy,Imagine Dragons & JID,False,When I show you what it's like to be words spit in a mic,False,2
5,Enemy,Imagine Dragons & JID,False,Tell you you're the greatest,False,2
5,Enemy,Imagine Dragons & JID,False,"But once you turn, they hate us (Huh)",False,2
5,Enemy,Imagine Dragons & JID,False,,False,2
5,Enemy,Imagine Dragons & JID,False,"Oh, the misery",False,2
5,Enemy,Imagine Dragons & JID,False,Everybody wants to be my enemy,False,2
5,Enemy,Imagine Dragons & JID,False,Spare the sympathy,False,2
5,Enemy,Imagine Dragons & JID,False,"Everybody wants to be my enemy-y-y-y-y (Look, look, look, look)",False,2
5,Enemy,Imagine Dragons & JID,False,(Look out for yourself),False,2
5,Enemy,Imagine Dragons & JID,False,"My enemy-y-y-y-y (Look, look, look, look; yeah)",False,2
5,Enemy,Imagine Dragons & JID,False,(Look out for yourself),False,2
5,Enemy,Imagine Dragons & JID,False,"Uh, look, okay",False,2
5,Enemy,Imagine Dragons & JID,False,,False,2
5,Enemy,Imagine Dragons & JID,False,I'm hoping that somebody pray for me,False,2
5,Enemy,Imagine Dragons & JID,False,I'm praying that somebody hope for me,False,2
5,Enemy,Imagine Dragons & JID,False,I'm staying where nobody 'posed to be p-p-posted,False,2
5,Enemy,Imagine Dragons & JID,False,Being a wreck of emotions,False,2
5,Enemy,Imagine Dragons & JID,False,"Ready to go whenever, just let me know",False,2
5,Enemy,Imagine Dragons & JID,False,"The road is long, so put the pedal into the floor",False,2
5,Enemy,Imagine Dragons & JID,False,"The enemy's on my trail, my energy unavailable",False,2
5,Enemy,Imagine Dragons & JID,False,"I'ma tell 'em, ""Hasta luego""",False,2
5,Enemy,Imagine Dragons & JID,False,They wanna plot on my trot to the top,False,2
5,Enemy,Imagine Dragons & JID,False,"I've been outta shape, thinkin' out the box, I'm an astronaut",False,2
5,Enemy,Imagine Dragons & JID,False,I blasted off the planet rock to cause catastrophe,False,2
5,Enemy,Imagine Dragons & JID,False,And it matters more because I had it not,False,2
5,Enemy,Imagine Dragons & JID,False,Had I thought about wreaking havoc,False,2
5,Enemy,Imagine Dragons & JID,False,"On an opposition, kinda shockin' they wanted static",False,2
5,Enemy,Imagine Dragons & JID,False,"With precision, I'm automatic quarterback",False,2
5,Enemy,Imagine Dragons & JID,False,"I ain't talkin' sackin', pack it",False,2
5,Enemy,Imagine Dragons & JID,False,"Pack it up, I don't panic, batter-batter up",False,2
5,Enemy,Imagine Dragons & JID,False,Who the baddest? It don't matter 'cause we at ya throat,False,2
5,Enemy,Imagine Dragons & JID,False,Everybody wants to be my enemy,False,2
5,Enemy,Imagine Dragons & JID,False,Spare the sympathy (Ah),False,2
5,Enemy,Imagine Dragons & JID,False,Everybody wants to be my enemy,False,2
5,Enemy,Imagine Dragons & JID,False,"Oh, the misery (Ah)",False,2
5,Enemy,Imagine Dragons & JID,False,Everybody wants to be my enemy,False,2
5,Enemy,Imagine Dragons & JID,False,Spare the sympathy (Ah),False,2
5,Enemy,Imagine Dragons & JID,False,Everybody wants to be my enemy,False,2
5,Enemy,Imagine Dragons & JID,False,,False,2
5,Enemy,Imagine Dragons & JID,False,"Pray it away, I swear I'll never be a saint, no way",False,2
5,Enemy,Imagine Dragons & JID,False,My enemy,False,2
5,Enemy,Imagine Dragons & JID,False,"Pray it away, I swear I'll never be a saint",False,2
5,Enemy,Imagine Dragons & JID,False,(Look out for yourself)16EmbedShare URLCopyEmbedCopy,False,2
6,Guns for Hire,Woodkid,False,"Hold the die, your turn to roll",False,2
6,Guns for Hire,Woodkid,False,Before they fall through your fingers,False,2
6,Guns for Hire,Woodkid,False,Not a good night to lose control,False,2
6,Guns for Hire,Woodkid,False,Right as the earth is unraveling,False,2
6,Guns for Hire,Woodkid,False,You play with your blocks until they break,False,2
6,Guns for Hire,Woodkid,False,And these walls come tumbling down,False,2
6,Guns for Hire,Woodkid,False,"Oh, they're tumbling down",False,2
6,Guns for Hire,Woodkid,False,,False,2
6,Guns for Hire,Woodkid,False,"You're out of time, make your move",False,2
6,Guns for Hire,Woodkid,False,Live or die while the fuse is lit and there's no turning back,False,2
6,Guns for Hire,Woodkid,False,,False,2
6,Guns for Hire,Woodkid,False,Kiss your perfect day goodbye,False,2
6,Guns for Hire,Woodkid,False,Because the world is on fire,False,2
6,Guns for Hire,Woodkid,False,Tuck your innocence goodnight,False,2
6,Guns for Hire,Woodkid,False,You sold your friends like guns for hire,False,2
6,Guns for Hire,Woodkid,False,Go play with your blocks,False,2
6,Guns for Hire,Woodkid,False,And now you'll pay when these walls come tumbling down,False,2
6,Guns for Hire,Woodkid,False,"Oh, they're tumbling down",False,2
6,Guns for Hire,Woodkid,False,,False,2
6,Guns for Hire,Woodkid,False,"Resting on a knife, you heavy souls",False,2
6,Guns for Hire,Woodkid,False,With all this weight buckling down on you now,False,2
6,Guns for Hire,Woodkid,False,Don't you drown and float away,False,2
6,Guns for Hire,Woodkid,False,Not a good time to lose control,False,2
6,Guns for Hire,Woodkid,False,Right as your marionettes cut their strings and run away,False,2
6,Guns for Hire,Woodkid,False,"You're out of time, make your move",False,2
6,Guns for Hire,Woodkid,False,Live or die while the fuse is lit and there's no turning back,False,2
6,Guns for Hire,Woodkid,False,,False,2
6,Guns for Hire,Woodkid,False,Kiss your perfect day goodbye,False,2
6,Guns for Hire,Woodkid,False,Because the world is on fire,False,2
6,Guns for Hire,Woodkid,False,Tuck your innocence goodnight,False,2
6,Guns for Hire,Woodkid,False,You sold your friends like guns for hire,False,2
6,Guns for Hire,Woodkid,False,Go play with your blocks,False,2
6,Guns for Hire,Woodkid,False,And now you'll pay when these walls come tumbling down,False,2
6,Guns for Hire,Woodkid,False,"Oh, they're tumbling downEmbedShare URLCopyEmbedCopy",False,2
7,Misfit Toys,Pusha T & Mako,False,I declare war,False,3
7,Misfit Toys,Pusha T & Mako,False,On anybody standing in the way of what I dream for,False,3
7,Misfit Toys,Pusha T & Mako,False,How could I ignore,False,3
7,Misfit Toys,Pusha T & Mako,False,"The ones that are voiceless, screams from the poor",False,3
7,Misfit Toys,Pusha T & Mako,False,They only here to score,False,3
7,Misfit Toys,Pusha T & Mako,False,I do it for the underground kings that'll need more,False,3
7,Misfit Toys,Pusha T & Mako,False,I'm kickin' down your door,False,3
7,Misfit Toys,Pusha T & Mako,False,If I wonder why you got a pocket full of green for (Rrah),False,3
7,Misfit Toys,Pusha T & Mako,False,It's all about the get back,False,3
7,Misfit Toys,Pusha T & Mako,False,It's hard to give back while the politicians kick back,False,3
7,Misfit Toys,Pusha T & Mako,False,They say I'm only brick rap,False,3
7,Misfit Toys,Pusha T & Mako,False,"Well, that's the foundation of this mountain that I live at",False,3
7,Misfit Toys,Pusha T & Mako,False,I can get you kidnapped,False,3
7,Misfit Toys,Pusha T & Mako,False,"These kids ain't playin' with you, actin' like you live rap",False,3
7,Misfit Toys,Pusha T & Mako,False,And all those little mishaps,False,3
7,Misfit Toys,Pusha T & Mako,False,"That only happen to you, misfits, I'm here to fix that (Yeah)",False,3
7,Misfit Toys,Pusha T & Mako,False,,False,3
7,Misfit Toys,Pusha T & Mako,False,Timе to dig your grave,False,3
7,Misfit Toys,Pusha T & Mako,False,Make it lower your voicе,False,3
7,Misfit Toys,Pusha T & Mako,False,I told you not to play with the misfit toys,False,3
7,Misfit Toys,Pusha T & Mako,False,We running this gang,False,3
7,Misfit Toys,Pusha T & Mako,False,Getting sick of your noise,False,3
7,Misfit Toys,Pusha T & Mako,False,You stranded with a bad bunch of misfit toys,False,3
7,Misfit Toys,Pusha T & Mako,False,Rich get richer while the poor pickpocket,False,3
7,Misfit Toys,Pusha T & Mako,False,Swipes Maxwell 'til the cops come knockin',False,3
7,Misfit Toys,Pusha T & Mako,False,"Have or have not, bein' broke is not an option",False,3
7,Misfit Toys,Pusha T & Mako,False,Time after time when you got a thing for watches,False,3
7,Misfit Toys,Pusha T & Mako,False,When you the plug in the socket (Yes),False,3
7,Misfit Toys,Pusha T & Mako,False,And the powers that be can't stop it,False,3
7,Misfit Toys,Pusha T & Mako,False,"So obnoxious, borderline toxic",False,3
7,Misfit Toys,Pusha T & Mako,False,Both sides go to war like a mosh pit (Yeah),False,3
7,Misfit Toys,Pusha T & Mako,False,Now let me switch up the optics,False,3
7,Misfit Toys,Pusha T & Mako,False,Our neighborhoods held us hostage (That's real),False,3
7,Misfit Toys,Pusha T & Mako,False,Some nights we slept in our closets (That's real),False,3
7,Misfit Toys,Pusha T & Mako,False,Gun fights was outside the projects (Brrah),False,3
7,Misfit Toys,Pusha T & Mako,False,So you can't blame me for nonsense,False,3
7,Misfit Toys,Pusha T & Mako,False,I'm here to collect deposits,False,3
7,Misfit Toys,Pusha T & Mako,False,All else defies the logic,False,3
7,Misfit Toys,Pusha T & Mako,False,My people need me beside them (Now),False,3
7,Misfit Toys,Pusha T & Mako,False,,False,3
7,Misfit Toys,Pusha T & Mako,False,Time to dig up your grave,False,3
7,Misfit Toys,Pusha T & Mako,False,Make it lower your voice,False,3
7,Misfit Toys,Pusha T & Mako,False,I told you not to play with the misfit toys,False,3
7,Misfit Toys,Pusha T & Mako,False,We running this gang,False,3
7,Misfit Toys,Pusha T & Mako,False,Getting sick of your noise,False,3
7,Misfit Toys,Pusha T & Mako,False,You stranded with a bad bunch of misfit toys,False,3
7,Misfit Toys,Pusha T & Mako,False,Don't play with the misfits,False,3
7,Misfit Toys,Pusha T & Mako,False,Come play with the misfits,False,3
7,Misfit Toys,Pusha T & Mako,False,Don't play with the misfits,False,3
7,Misfit Toys,Pusha T & Mako,False,Come and play with the misfits,False,3
7,Misfit Toys,Pusha T & Mako,False,,False,3
7,Misfit Toys,Pusha T & Mako,False,I told you don't play with the misfits,False,3
7,Misfit Toys,Pusha T & Mako,False,Must be deaf dumb and blind you a triplet,False,3
7,Misfit Toys,Pusha T & Mako,False,Don't you make me erase your existence,False,3
7,Misfit Toys,Pusha T & Mako,False,All by my lonely need no assistance,False,3
7,Misfit Toys,Pusha T & Mako,False,Any disrespect gets met with a vengeance,False,3
7,Misfit Toys,Pusha T & Mako,False,Burn down gossip and hidden agendas,False,3
7,Misfit Toys,Pusha T & Mako,False,We set the tone for all to remember,False,3
7,Misfit Toys,Pusha T & Mako,False,"You rewrite history, the greatest pretenders",False,3
7,Misfit Toys,Pusha T & Mako,False,"(You rewrite history, the greatest pretenders; brrah)",False,3
7,Misfit Toys,Pusha T & Mako,False,,False,3
7,Misfit Toys,Pusha T & Mako,False,Time to dig up your grave,False,3
7,Misfit Toys,Pusha T & Mako,False,Make it lower your voice,False,3
7,Misfit Toys,Pusha T & Mako,False,I told you not to play with the misfit toys,False,3
7,Misfit Toys,Pusha T & Mako,False,We running this gang,False,3
7,Misfit Toys,Pusha T & Mako,False,Getting sick of your noise,False,3
7,Misfit Toys,Pusha T & Mako,False,You stranded with a bad bunch of misfit toys,False,3
7,Misfit Toys,Pusha T & Mako,False,You stranded with a bad bunch of misfit toys,False,3
7,Misfit Toys,Pusha T & Mako,False,Don't play with the misfits,False,3
7,Misfit Toys,Pusha T & Mako,False,Come play with the misfits (Yes),False,3
7,Misfit Toys,Pusha T & Mako,False,You stranded with a bad bunch of misfit toysEmbedShare URLCopyEmbedCopy,False,3
8,Dynasties & Dystopia,"Denzel Curry, Gizzle & Bren Joy",False,"Ooh, yeah, he mad",False,3
8,Dynasties & Dystopia,"Denzel Curry, Gizzle & Bren Joy",False,I'm racking up white diamonds,False,3
8,Dynasties & Dystopia,"Denzel Curry, Gizzle & Bren Joy",False,Throw me in the sky,False,3
8,Dynasties & Dystopia,"Denzel Curry, Gizzle & Bren Joy",False,You would swear the sun shining,False,3
8,Dynasties & Dystopia,"Denzel Curry, Gizzle & Bren Joy",False,"Ooh, yeah, he mad",False,3
8,Dynasties & Dystopia,"Denzel Curry, Gizzle & Bren Joy",False,I'm racking up white diamonds,False,3
8,Dynasties & Dystopia,"Denzel Curry, Gizzle & Bren Joy",False,Throw me in the sky,False,3
8,Dynasties & Dystopia,"Denzel Curry, Gizzle & Bren Joy",False,You would swear the sun shining,False,3
8,Dynasties & Dystopia,"Denzel Curry, Gizzle & Bren Joy",False,,False,3
8,Dynasties & Dystopia,"Denzel Curry, Gizzle & Bren Joy",False,In this gothic underground city,False,3
8,Dynasties & Dystopia,"Denzel Curry, Gizzle & Bren Joy",False,We all sin,False,3
8,Dynasties & Dystopia,"Denzel Curry, Gizzle & Bren Joy",False,If I bring a couple rounds with me,False,3
8,Dynasties & Dystopia,"Denzel Curry, Gizzle & Bren Joy",False,Then we all win,False,3
8,Dynasties & Dystopia,"Denzel Curry, Gizzle & Bren Joy",False,I came back and brought the crown with me,False,3
8,Dynasties & Dystopia,"Denzel Curry, Gizzle & Bren Joy",False,The king's den,False,3
8,Dynasties & Dystopia,"Denzel Curry, Gizzle & Bren Joy",False,Break your nexus break and your neck 'cause,False,3
8,Dynasties & Dystopia,"Denzel Curry, Gizzle & Bren Joy",False,Everybody's on your head,False,3
8,Dynasties & Dystopia,"Denzel Curry, Gizzle & Bren Joy",False,,False,3
8,Dynasties & Dystopia,"Denzel Curry, Gizzle & Bren Joy",False,"I might, just might kick your butt",False,3
8,Dynasties & Dystopia,"Denzel Curry, Gizzle & Bren Joy",False,Go run amok then paint my nails,False,3
8,Dynasties & Dystopia,"Denzel Curry, Gizzle & Bren Joy",False,Never learned to raise my hand,False,3
8,Dynasties & Dystopia,"Denzel Curry, Gizzle & Bren Joy",False,Was too busy raising hell,False,3
8,Dynasties & Dystopia,"Denzel Curry, Gizzle & Bren Joy",False,Everything I know I am,False,3
8,Dynasties & Dystopia,"Denzel Curry, Gizzle & Bren Joy",False,You should go and save yourself,False,3
8,Dynasties & Dystopia,"Denzel Curry, Gizzle & Bren Joy",False,Thought you had my number huh,False,3
8,Dynasties & Dystopia,"Denzel Curry, Gizzle & Bren Joy",False,Congratulations you played yourself,False,3
8,Dynasties & Dystopia,"Denzel Curry, Gizzle & Bren Joy",False,Underground utopia dynasties and dystopia,False,3
8,Dynasties & Dystopia,"Denzel Curry, Gizzle & Bren Joy",False,Fear is never a option so dying's not a real phobia,False,3
8,Dynasties & Dystopia,"Denzel Curry, Gizzle & Bren Joy",False,I'm beating the odds,False,3
8,Dynasties & Dystopia,"Denzel Curry, Gizzle & Bren Joy",False,Rising to every occasion as if I defeated the gods,False,3
8,Dynasties & Dystopia,"Denzel Curry, Gizzle & Bren Joy",False,Switch up the mod,False,3
8,Dynasties & Dystopia,"Denzel Curry, Gizzle & Bren Joy",False,Nothing but champions comin' up rolled in one little squad,False,3
8,Dynasties & Dystopia,"Denzel Curry, Gizzle & Bren Joy",False,,False,3
8,Dynasties & Dystopia,"Denzel Curry, Gizzle & Bren Joy",False,Hold still while I bag that (Uh),False,3
8,Dynasties & Dystopia,"Denzel Curry, Gizzle & Bren Joy",False,Talk bad 'til I snap back (Uh),False,3
8,Dynasties & Dystopia,"Denzel Curry, Gizzle & Bren Joy",False,This ain't brown this that dark black,False,3
8,Dynasties & Dystopia,"Denzel Curry, Gizzle & Bren Joy",False,"This that pitch black, jet black",False,3
8,Dynasties & Dystopia,"Denzel Curry, Gizzle & Bren Joy",False,Snap yo' ex watch me give him flashbacks,False,3
8,Dynasties & Dystopia,"Denzel Curry, Gizzle & Bren Joy",False,,False,3
8,Dynasties & Dystopia,"Denzel Curry, Gizzle & Bren Joy",False,Pressure's rising fast as lighting they can't stop it now,False,3
8,Dynasties & Dystopia,"Denzel Curry, Gizzle & Bren Joy",False,If you ain't talking realness then just change the topic now,False,3
8,Dynasties & Dystopia,"Denzel Curry, Gizzle & Bren Joy",False,They laughing at the top like they can't see the bottom,False,3
8,Dynasties & Dystopia,"Denzel Curry, Gizzle & Bren Joy",False,And they thought I needed help but I got here without them,False,3
8,Dynasties & Dystopia,"Denzel Curry, Gizzle & Bren Joy",False,I am sharper than a pack of hundred razor blades,False,3
8,Dynasties & Dystopia,"Denzel Curry, Gizzle & Bren Joy",False,"When the smoke clears, outta her, bet they name gon' fade",False,3
8,Dynasties & Dystopia,"Denzel Curry, Gizzle & Bren Joy",False,"I'ma be here doing it, doing it my way",False,3
8,Dynasties & Dystopia,"Denzel Curry, Gizzle & Bren Joy",False,They said I should I change it up,False,3
8,Dynasties & Dystopia,"Denzel Curry, Gizzle & Bren Joy",False,But what did I say?,False,3
8,Dynasties & Dystopia,"Denzel Curry, Gizzle & Bren Joy",False,"Ooh, yeah, he mad",False,3
8,Dynasties & Dystopia,"Denzel Curry, Gizzle & Bren Joy",False,I'm racking up white diamonds,False,3
8,Dynasties & Dystopia,"Denzel Curry, Gizzle & Bren Joy",False,Throw me in the sky,False,3
8,Dynasties & Dystopia,"Denzel Curry, Gizzle & Bren Joy",False,You would swear the sun shining,False,3
8,Dynasties & Dystopia,"Denzel Curry, Gizzle & Bren Joy",False,"Ooh, yeah, he mad",False,3
8,Dynasties & Dystopia,"Denzel Curry, Gizzle & Bren Joy",False,I'm racking up white diamonds,False,3
8,Dynasties & Dystopia,"Denzel Curry, Gizzle & Bren Joy",False,Throw me in the sky,False,3
8,Dynasties & Dystopia,"Denzel Curry, Gizzle & Bren Joy",False,You would swear the sun shining,False,3
8,Dynasties & Dystopia,"Denzel Curry, Gizzle & Bren Joy",False,,False,3
8,Dynasties & Dystopia,"Denzel Curry, Gizzle & Bren Joy",False,Hold still while I bag that (Uh),False,3
8,Dynasties & Dystopia,"Denzel Curry, Gizzle & Bren Joy",False,Talk bad 'til I snap back (Uh),False,3
8,Dynasties & Dystopia,"Denzel Curry, Gizzle & Bren Joy",False,This ain't brown this that dark black,False,3
8,Dynasties & Dystopia,"Denzel Curry, Gizzle & Bren Joy",False,"This that pitch black, jet black",False,3
8,Dynasties & Dystopia,"Denzel Curry, Gizzle & Bren Joy",False,Snap yo' ex watch me give him flashbacks,False,3
8,Dynasties & Dystopia,"Denzel Curry, Gizzle & Bren Joy",False,,False,3
8,Dynasties & Dystopia,"Denzel Curry, Gizzle & Bren Joy",False,I get that magic all on me,False,3
8,Dynasties & Dystopia,"Denzel Curry, Gizzle & Bren Joy",False,I feel like I'm Tracy Mcgrady,False,3
8,Dynasties & Dystopia,"Denzel Curry, Gizzle & Bren Joy",False,Enemies circled around me 360,False,3
8,Dynasties & Dystopia,"Denzel Curry, Gizzle & Bren Joy",False,I count them 180,False,3
8,Dynasties & Dystopia,"Denzel Curry, Gizzle & Bren Joy",False,I've been in court with the spirit beside me since I was a baby,False,3
8,Dynasties & Dystopia,"Denzel Curry, Gizzle & Bren Joy",False,Just getting chaotic y'all made me a product for causing the chaos right here where they raised me,False,3
8,Dynasties & Dystopia,"Denzel Curry, Gizzle & Bren Joy",False,,False,3
8,Dynasties & Dystopia,"Denzel Curry, Gizzle & Bren Joy",False,In this gothic underground city,False,3
8,Dynasties & Dystopia,"Denzel Curry, Gizzle & Bren Joy",False,We all sin,False,3
8,Dynasties & Dystopia,"Denzel Curry, Gizzle & Bren Joy",False,If I bring a couple rounds with me,False,3
8,Dynasties & Dystopia,"Denzel Curry, Gizzle & Bren Joy",False,Then we all win,False,3
8,Dynasties & Dystopia,"Denzel Curry, Gizzle & Bren Joy",False,I came back and brought the crown with me,False,3
8,Dynasties & Dystopia,"Denzel Curry, Gizzle & Bren Joy",False,The king's den,False,3
8,Dynasties & Dystopia,"Denzel Curry, Gizzle & Bren Joy",False,Break your nexus break and your neck 'cause,False,3
8,Dynasties & Dystopia,"Denzel Curry, Gizzle & Bren Joy",False,Everybody's on your head,False,3
8,Dynasties & Dystopia,"Denzel Curry, Gizzle & Bren Joy",False,"Ooh, yeah, he mad",False,3
8,Dynasties & Dystopia,"Denzel Curry, Gizzle & Bren Joy",False,I'm racking up white diamonds,False,3
8,Dynasties & Dystopia,"Denzel Curry, Gizzle & Bren Joy",False,Throw me in the sky,False,3
8,Dynasties & Dystopia,"Denzel Curry, Gizzle & Bren Joy",False,You would swear the sun shining,False,3
8,Dynasties & Dystopia,"Denzel Curry, Gizzle & Bren Joy",False,"Ooh, yeah, he mad",False,3
8,Dynasties & Dystopia,"Denzel Curry, Gizzle & Bren Joy",False,I'm racking up white diamonds,False,3
8,Dynasties & Dystopia,"Denzel Curry, Gizzle & Bren Joy",False,Throw me in the sky,False,3
8,Dynasties & Dystopia,"Denzel Curry, Gizzle & Bren Joy",False,You would swear the sun shining,False,3
8,Dynasties & Dystopia,"Denzel Curry, Gizzle & Bren Joy",False,"Dynasties and dystopia, dynasties and dystopia",False,3
8,Dynasties & Dystopia,"Denzel Curry, Gizzle & Bren Joy",False,"Dynasties and dystopia, dynasties and dystopia",False,3
8,Dynasties & Dystopia,"Denzel Curry, Gizzle & Bren Joy",False,"Dynasties and dystopia, dynasties and dystopia",False,3
8,Dynasties & Dystopia,"Denzel Curry, Gizzle & Bren Joy",False,"Dynasties and dystopia, dynasties and dystopiaEmbedShare URLCopyEmbedCopy",False,3
9,Snakes,PVRIS & MIYAVI,False,"Ahh, ahh",False,3
9,Snakes,PVRIS & MIYAVI,False,"Ahh, ahh",False,3
9,Snakes,PVRIS & MIYAVI,False,,False,3
9,Snakes,PVRIS & MIYAVI,False,Know you got my blood running,False,3
9,Snakes,PVRIS & MIYAVI,False,Turn the heat to six hundred,False,3
9,Snakes,PVRIS & MIYAVI,False,Wish I could knock your skull in,False,3
9,Snakes,PVRIS & MIYAVI,False,But I'm rising above it,False,3
9,Snakes,PVRIS & MIYAVI,False,Know you'll crash it and burn it,False,3
9,Snakes,PVRIS & MIYAVI,False,God knows you didn't earn it,False,3
9,Snakes,PVRIS & MIYAVI,False,My friend karma's a bitch,False,3
9,Snakes,PVRIS & MIYAVI,False,She's got some lessons you'll learn 'em,False,3
9,Snakes,PVRIS & MIYAVI,False,,False,3
9,Snakes,PVRIS & MIYAVI,False,Now we're enemies,False,3
9,Snakes,PVRIS & MIYAVI,False,You’re a snake you’re a snake,False,3
9,Snakes,PVRIS & MIYAVI,False,I can see it in your face,False,3
9,Snakes,PVRIS & MIYAVI,False,,False,3
9,Snakes,PVRIS & MIYAVI,False,"Ahh, do you feel no shame?",False,3
9,Snakes,PVRIS & MIYAVI,False,"Ahh, can't you see my rage?",False,3
9,Snakes,PVRIS & MIYAVI,False,"You're a snake you're a snake, just like a spitting image",False,3
9,Snakes,PVRIS & MIYAVI,False,"Fate, how's it taste? It's your own medicine",False,3
9,Snakes,PVRIS & MIYAVI,False,"Make no mistakes, got 2020 vision",False,3
9,Snakes,PVRIS & MIYAVI,False,"If I see your face, don't think I'm forgiving",False,3
9,Snakes,PVRIS & MIYAVI,False,It's time we had a discussion,False,3
9,Snakes,PVRIS & MIYAVI,False,'Bout your sorry production,False,3
9,Snakes,PVRIS & MIYAVI,False,Mask your shade and corruption,False,3
9,Snakes,PVRIS & MIYAVI,False,Grinning teeth lack seduction,False,3
9,Snakes,PVRIS & MIYAVI,False,Know the crime you committеd,False,3
9,Snakes,PVRIS & MIYAVI,False,I forget not forgive it,False,3
9,Snakes,PVRIS & MIYAVI,False,Don't you dare gеt it twisted,False,3
9,Snakes,PVRIS & MIYAVI,False,I'm nice but I can get wicked,False,3
9,Snakes,PVRIS & MIYAVI,False,,False,3
9,Snakes,PVRIS & MIYAVI,False,Now we're enemies,False,3
9,Snakes,PVRIS & MIYAVI,False,,False,3
9,Snakes,PVRIS & MIYAVI,False,"Ahh, do you feel no shame?",False,3
9,Snakes,PVRIS & MIYAVI,False,"Ahh, can't you see my rage?",False,3
9,Snakes,PVRIS & MIYAVI,False,"You're a snake you're a snake, just like a spitting image",False,3
9,Snakes,PVRIS & MIYAVI,False,"Fate, how's it taste? It's your own medicine",False,3
9,Snakes,PVRIS & MIYAVI,False,"Make no mistakes, got 2020 vision",False,3
9,Snakes,PVRIS & MIYAVI,False,"If I see your face, don't think I'm forgiving",False,3
9,Snakes,PVRIS & MIYAVI,False,,False,3
9,Snakes,PVRIS & MIYAVI,False,,False,3
9,Snakes,PVRIS & MIYAVI,False,You're a snake you're a snake,False,3
9,Snakes,PVRIS & MIYAVI,False,I can see it in your face,False,3
9,Snakes,PVRIS & MIYAVI,False,(You're a snake you're a snake,False,3
9,Snakes,PVRIS & MIYAVI,False,I can see it in your face),False,3
9,Snakes,PVRIS & MIYAVI,False,You're a snake you're a snake,False,3
9,Snakes,PVRIS & MIYAVI,False,I can see it in your face,False,3
9,Snakes,PVRIS & MIYAVI,False,You're a snake you're a snake,False,3
9,Snakes,PVRIS & MIYAVI,False,I can see it in your face (Ahh),False,3
9,Snakes,PVRIS & MIYAVI,False,You're a snake you're a snake,False,3
9,Snakes,PVRIS & MIYAVI,False,"I can see it in your face (Ahh, ahh)",False,3
9,Snakes,PVRIS & MIYAVI,False,"Ahh, ahhEmbedShare URLCopyEmbedCopy",False,3
10,When Everything Went Wrong,Fantastic Negrito,False,That's when everything went wrong,False,3
10,When Everything Went Wrong,Fantastic Negrito,False,Now that's when everything went wrong,False,3
10,When Everything Went Wrong,Fantastic Negrito,False,I lay down to die on the concrete floor (Baby),False,3
10,When Everything Went Wrong,Fantastic Negrito,False,Now that's when everything went wrong,False,3
10,When Everything Went Wrong,Fantastic Negrito,False,,False,3
10,When Everything Went Wrong,Fantastic Negrito,False,Ninety-nine ways that you're willing to die,False,3
10,When Everything Went Wrong,Fantastic Negrito,False,Break your mama heart now she startin' to cry,False,3
10,When Everything Went Wrong,Fantastic Negrito,False,Broken beer bottles that are starting to fly,False,3
10,When Everything Went Wrong,Fantastic Negrito,False,I know my time is coming soon,False,3
10,When Everything Went Wrong,Fantastic Negrito,False,Seven foot goon lined up in the room,False,3
10,When Everything Went Wrong,Fantastic Negrito,False,Kickin' up dust in the shadow of doom,False,3
10,When Everything Went Wrong,Fantastic Negrito,False,Temper start to flare now they're starting to fume,False,3
10,When Everything Went Wrong,Fantastic Negrito,False,I know my time is coming soon,False,3
10,When Everything Went Wrong,Fantastic Negrito,False,,False,3
10,When Everything Went Wrong,Fantastic Negrito,False,That's when everything wеnt wrong (Everything went wrong),False,3
10,When Everything Went Wrong,Fantastic Negrito,False,Now that's when еverything went wrong,False,3
10,When Everything Went Wrong,Fantastic Negrito,False,I lay down to die on the concrete floor (Ooh),False,3
10,When Everything Went Wrong,Fantastic Negrito,False,Now that's when everything went wrong,False,3
10,When Everything Went Wrong,Fantastic Negrito,False,*Scatting*,False,3
10,When Everything Went Wrong,Fantastic Negrito,False,That’s when everything went wrong,False,3
10,When Everything Went Wrong,Fantastic Negrito,False,Now that’s when everything went wrong,False,3
10,When Everything Went Wrong,Fantastic Negrito,False,I lay down to die on the concrete floor,False,3
10,When Everything Went Wrong,Fantastic Negrito,False,Now that’s when everything went wrong,False,3
10,When Everything Went Wrong,Fantastic Negrito,False,The devils coming after me,False,3
10,When Everything Went Wrong,Fantastic Negrito,False,The devils coming after me,False,3
10,When Everything Went Wrong,Fantastic Negrito,False,I ran past a neighbor sitting on da sidewalk,False,3
10,When Everything Went Wrong,Fantastic Negrito,False,Sippin' on a beer 'til my friends came looking for me,False,3
10,When Everything Went Wrong,Fantastic Negrito,False,Come on!,False,3
10,When Everything Went Wrong,Fantastic Negrito,False,I don't smoke no more,False,3
10,When Everything Went Wrong,Fantastic Negrito,False,,False,3
10,When Everything Went Wrong,Fantastic Negrito,False,That's when everything went wrong (Ooh),False,3
10,When Everything Went Wrong,Fantastic Negrito,False,Now that's when everything went wrong (Everything went wrong),False,3
10,When Everything Went Wrong,Fantastic Negrito,False,I lay down to die on the concrete floor (That's when),False,3
10,When Everything Went Wrong,Fantastic Negrito,False,Now that's when everything went wrong (Everything went wrong),False,3
10,When Everything Went Wrong,Fantastic Negrito,False,That's when everything went wrong (Everything went wrong),False,3
10,When Everything Went Wrong,Fantastic Negrito,False,Now that's when everything went wrong,False,3
10,When Everything Went Wrong,Fantastic Negrito,False,I lay down to die on the concrete floor,False,3
10,When Everything Went Wrong,Fantastic Negrito,False,"Now that's when everything went wrong, ohEmbedShare URLCopyEmbedCopy",False,3
11,What Could Have Been,Sting,False,I am the monster you created,False,3
11,What Could Have Been,Sting,False,You ripped out all my parts,False,3
11,What Could Have Been,Sting,False,"And worst of all, for me to live, I gotta kill the part of me that saw",False,3
11,What Could Have Been,Sting,False,And I needed you more,False,3
11,What Could Have Been,Sting,False,,False,3
11,What Could Have Been,Sting,False,I hope you know we had everything,False,3
11,What Could Have Been,Sting,False,When you broke me and left these pieces,False,3
11,What Could Have Been,Sting,False,I want you to hurt like you hurt me today and,False,3
11,What Could Have Been,Sting,False,"I want you to lose like I lose when I play ""What Could Have Been""",False,3
11,What Could Have Been,Sting,False,"Oh, ""What Could Have Been""",False,3
11,What Could Have Been,Sting,False,,False,3
11,What Could Have Been,Sting,False,Why don't you love who I am?,False,3
11,What Could Have Been,Sting,False,What we could have been,False,3
11,What Could Have Been,Sting,False,,False,3
11,What Could Have Been,Sting,False,"I am your ghost, a fallen angel",False,3
11,What Could Have Been,Sting,False,You ripped out all my parts,False,3
11,What Could Have Been,Sting,False,I couldn't care what invention you made me,False,3
11,What Could Have Been,Sting,False,"'Cause I, I was meant to be yours",False,3
11,What Could Have Been,Sting,False,,False,3
11,What Could Have Been,Sting,False,,False,3
11,What Could Have Been,Sting,False,I hope you know we had everything,False,3
11,What Could Have Been,Sting,False,When you broke me and left these pieces,False,3
11,What Could Have Been,Sting,False,I want you to hurt like you hurt me today and,False,3
11,What Could Have Been,Sting,False,I want you to lose like I lose when I play—,False,3
11,What Could Have Been,Sting,False,I want you to hurt like you hurt me today and,False,3
11,What Could Have Been,Sting,False,"I want you to lose like I lose when I play ""What Could Have Been""EmbedShare URLCopyEmbedCopy",False,3
